order,section_order,section_roman,section_title_ro,section_title_en,question_code,stem_ro,stem_en,context_ro,context_en,opportunity_ro,opportunity_en,challenge_ro,challenge_en,disadvantage_ro,disadvantage_en,instruction_ro,instruction_en,response_format,response_format_ro,measurement_level,comments_structure,comments_structure_ro,answer_columns,comment_or_open_text_columns,complete_primary_response_n,complete_comment_or_open_text_n,mandatory_status,current_article_use,measurement_or_reporting_limit,reconstruction_note,reconstruction_note_ro,reconstruction_status
1,1,I,PROFILUL COMPANIEI,COMPANY PROFILE,Q00,Care este dimensiunea companiei dvs.?,What is the size of your company?,"Dimensiunea companiei poate influența capacitatea de adoptare a noilor tehnologii, cum ar fi AI. De obicei, întreprinderile mari dispun de resurse și echipe specializate, în timp ce întreprinderile mici pot obține îmbunătățiri rapide ale eficienței doar dacă depășesc limitările de resurse.","Company size may influence the capacity to adopt new technologies such as AI. Larger enterprises usually have more resources and specialised teams, whereas smaller enterprises may achieve rapid efficiency gains only if they overcome resource constraints.",Întreprinderile mari pot avea o flexibilitate bugetară mai mare pentru proiecte AI.,Larger enterprises may have greater budgetary flexibility for AI projects.,"Întreprinderile mici pot întâmpina costuri relative mai mari, dar pot fi ceva mai agile în adoptarea AI.","Smaller enterprises may face higher relative costs, but may be somewhat more agile in adopting AI.",,,,Select one response.,single choice,răspuns unic,ordinal categorical employee band,no separate comment field,fără câmp separat de comentariu,1,0,211,0,not recoverable from the available exports,Used: analytical size stratum,Not a verified full EU SME classification,The employee band is not a complete legal verification of SME status under the EU definition.,Intervalul numărului de angajați nu reprezintă o verificare juridică completă a statutului de IMM conform definiției Uniunii Europene.,verified reconstruction from paired exports
2,1,I,PROFILUL COMPANIEI,COMPANY PROFILE,G01Q02,În ce domeniu activează compania dvs.?,In which sector does your company operate?,"Domeniul în care activează compania poate determina rate diferite de adoptare a AI. Unele sectoare (IT, finanțe, sănătate) adoptă, de obicei, ceva mai rapid soluțiile bazate pe AI, în timp ce altele (producție, agricultură) se confruntă cu bariere tehnice și logistice.","The sector in which a company operates may be associated with different rates of AI adoption. Some sectors, such as IT, finance and healthcare, often adopt AI-based solutions more quickly, whereas others, such as manufacturing and agriculture, face technical and logistical barriers.",Domeniile cu acces la date și procese digitale pot beneficia rapid de inovațiile AI.,Sectors with access to data and digital processes may benefit rapidly from AI innovation.,Sectoarele cu reglementări stricte pot întâmpina rate mai scăzute de adoptare din cauza provocărilor legate de conformitate.,Highly regulated sectors may experience slower adoption because of compliance-related challenges.,,,Se pot alege mai multe răspunsuri:,Select all that apply.,multiple-response checklist with selected-option comments,listă cu răspunsuri multiple și comentarii asociate opțiunilor selectate,nominal multiple-response checklist,one binary flag and one elaborative comment field per response option,câte un indicator binar și câte un câmp de comentariu explicativ pentru fiecare opțiune de răspuns,9,9,212,211,not recoverable from the available exports,Not used in revised analysis,Potential quasi-identifier; comment fields excluded,Sector is a multiple-response item. Each selected option may have an associated elaborative comment and sector-comment combinations may act as quasi-identifiers.,"Domeniul este un item cu răspunsuri multiple. Fiecare opțiune selectată poate avea un comentariu explicativ asociat, iar combinațiile dintre domeniu și comentariu pot funcționa ca cvasi-identificatori.",verified reconstruction from paired exports
3,1,I,PROFILUL COMPANIEI,COMPANY PROFILE,G01Q03,Care este rolul dvs. în companie?,What is your role in the company?,"Înțelegerea rolului dvs. ne ajută să evaluăm modul în care perspective diferite (strategice, tehnice, operaționale) influențează opiniile despre adoptarea AI. Executivii, specialiștii IT, profesioniștii HR și managerii operaționali pot avea percepții, experiențe, provocări și oportunități diferite.","Understanding your role helps us assess how strategic, technical and operational perspectives influence views on AI adoption. Executives, IT specialists, HR professionals and operations managers may have different perceptions, experiences, challenges and opportunities.","Decidenții se concentrează pe beneficiile strategice și ROI, (de altfel) aspecte esențiale pentru investițiile AI.","Decision-makers focus on strategic benefits and return on investment, which are central to AI investment decisions.",Personalul tehnic poate avea priorități diferite (provocări de implementare) și care nu reflectă pe deplin considerentele strategice.,Technical staff may prioritise implementation challenges that do not fully reflect strategic considerations.,,,Se pot alege mai multe răspunsuri:,Select all that apply.,multiple-response checklist with selected-option comments,listă cu răspunsuri multiple și comentarii asociate opțiunilor selectate,nominal multiple-response checklist,one binary flag and one elaborative comment field per response option,câte un indicator binar și câte un câmp de comentariu explicativ pentru fiecare opțiune de răspuns,6,6,212,210,not recoverable from the available exports,Not used in revised analysis,Informant position and organisation uniqueness not verified,"Respondent role is a multiple-response item and does not verify the respondent’s authority, employment status or organisational uniqueness.","Rolul respondentului este un item cu răspunsuri multiple și nu verifică autoritatea respondentului, statutul său profesional sau unicitatea organizației reprezentate.",verified reconstruction from paired exports
4,2,II,ADOPTAREA TEHNOLOGIILOR AI,ADOPTION OF AI TECHNOLOGIES,G02Q04,Cât de familiarizat sunteți cu aplicațiile AI în afaceri?,How familiar are you with business applications of AI?,"Nivelul dvs. de familiarizare cu AI ar putea influența (conștient sau nu) modul în care compania d-voastră adoptă aceste tehnologii. O bună înțelegere poate duce la o adoptare timpurie/proactivă și, implicit, la un avantaj competitiv, în timp ce o cunoaștere limitată poate întârzia integrarea acestor tehnologii.","Your level of familiarity with AI may influence, consciously or otherwise, how your company adopts these technologies. A strong understanding may encourage earlier and more proactive adoption and therefore a competitive advantage, whereas limited knowledge may delay integration.","Experința (la orice nivel, fie și în scenarii strict personale) în utilizarea acestor tehnologii poate stimula o strategie proactivă și investiții timpurii.","Experience of these technologies at any level, including exclusively personal use, may encourage a proactive strategy and earlier investment.",Lipsa de familiarizare (anterioară) cu aceste tehnologii poate duce la o adoptare lentă și la pierderea unor oportunități.,Previous lack of familiarity with these technologies may lead to slower adoption and missed opportunities.,,,,Select one response. An optional explanatory comment is available.,single choice with a global explanatory comment,răspuns unic cu un comentariu explicativ general,partially ordered categorical item with construct conflation,one coded response and one global comment field,un răspuns codificat și un singur câmp de comentariu general,1,1,212,199,not recoverable from the available exports,Primary engagement outcome,"Combines planning, testing and deployment in one category; not a validated stage scale","The ordered categories mix familiarity with organisational engagement. The project-stage response combines budgeting, testing and implementation and must not be interpreted as verified deployment.","Categoriile ordonate combină familiaritatea cu implicarea organizațională. Răspunsul referitor la stadiul proiectului reunește bugetarea, testarea și implementarea și nu trebuie interpretat ca dovadă a unei utilizări operaționale verificate.",verified reconstruction from paired exports
5,2,II,ADOPTAREA TEHNOLOGIILOR AI,ADOPTION OF AI TECHNOLOGIES,G01Q05,Care sunt principalele motive pentru care luați (ați luat) în considerare adoptarea unei soluții AI în compania dvs.?,What are the main reasons why your company is considering or has considered adopting an AI solution?,"Companiile adoptă AI din diverse motive strategice și operaționale, cum ar fi reducerea costurilor, creșterea eficienței, obținerea unui avantaj competitiv, îmbunătățirea experienței clienților și sprijinirea deciziilor bazate pe date.","Companies adopt AI for various strategic and operational reasons, including cost reduction, efficiency gains, competitive advantage, improved customer experience and support for data-informed decision-making.",Aceste motive pot conduce la îmbunătățiri semnificative în productivitate și profitabilitate.,These motivations may lead to substantial improvements in productivity and profitability.,Accentul prea mare pe reducerea costurilor poate afecta investițiile în capitalul uman și inovația.,An excessive emphasis on cost reduction may weaken investment in human capital and innovation.,,,Se pot alege mai multe răspunsuri:,Select all that apply.,multiple-response checklist with selected-option comments,listă cu răspunsuri multiple și comentarii asociate opțiunilor selectate,nominal multiple-response checklist,one binary flag and one elaborative comment field per response option,câte un indicator binar și câte un câmp de comentariu explicativ pentru fiecare opțiune de răspuns,5,5,212,206,not recoverable from the available exports,Not reported,Perceived motivations; not causal drivers,"The item records perceived motivations, not causal drivers of adoption.","Itemul înregistrează motivații percepute, nu determinanți cauzali ai adoptării.",verified reconstruction from paired exports
6,3,III,PROVOCĂRI ÎN IMPLEMENTAREA AI,CHALLENGES IN AI IMPLEMENTATION,G01Q06,Care sunt (au fost) cele mai mari bariere în adoptarea AI în compania dvs.?,What are or have been the greatest barriers to AI adoption in your company?,"Identificarea principalelor dificultăți în adoptarea AI ne ajută să înțelegem provocările cu care se confruntă companiile. Barierele comune includ costurile mari inițiale, lipsa de expertiză tehnică, incertitudinea privind ROI, problemele de reglementare și rezistența angajaților la schimbări.","Identifying the main difficulties in AI adoption helps clarify the challenges companies face. Common barriers include high initial costs, lack of technical expertise, uncertainty about return on investment, regulatory issues and employee resistance to change.",Recunoașterea acestor bariere este primul pas pentru dezvoltarea unor strategii eficinte/țintite de depășire a lor.,Recognising these barriers is a first step towards developing targeted strategies to overcome them.,"Unele bariere pot fi dificil de depășit, cum ar fi reglementările stricte sau rezistența culturală.","Some barriers, including strict regulation or cultural resistance, may be difficult to overcome.",,,Se pot alege mai multe răspunsuri:,Select all that apply.,multiple-response checklist with selected-option comments,listă cu răspunsuri multiple și comentarii asociate opțiunilor selectate,nominal multiple-response checklist,one binary flag and one elaborative comment field per response option,câte un indicator binar și câte un câmp de comentariu explicativ pentru fiecare opțiune de răspuns,6,6,212,207,not recoverable from the available exports,Reported descriptively,Perceived constraints; no validated scale,The options are perceived constraints and do not form a validated barrier scale.,Opțiunile descriu constrângeri percepute și nu formează o scală validată a barierelor.,verified reconstruction from paired exports
7,4,IV,AI ȘI IMPACTUL ASUPRA LOCURILOR DE MUNCĂ,AI AND THE IMPACT ON EMPLOYMENT,G01Q07,Cum credeți că AI va afecta dinamica locurilor de muncă în domeniul dvs.?,How do you think AI will affect employment dynamics in your field?,"Există dezbateri privind impactul AI asupra locurilor de muncă: unii consideră că AI va automatiza sarcinile repetitive și va crea noi oportunități (în domenii precum mentenanța și supravegherea AI), în timp ce alții se tem de o eliminare masivă a joburilor.","There is continuing debate about the effect of AI on employment. Some expect AI to automate repetitive tasks and create new opportunities in areas such as AI maintenance and oversight, whereas others fear extensive job displacement.","AI ar putea elibera din timpul angajaților, pentru a se concentra pe activități mai creative și cu valoare adăugată.",AI may free employees from some tasks so that they can focus on more creative and higher-value activities.,"Automatizarea rapidă ar putea depăși viteza de apariție a unor noi locuri de muncă, conducând la șomaj structural.",Rapid automation may outpace the creation of new jobs and contribute to structural unemployment.,,,,Select one response. An optional explanatory comment is available.,single choice with a global explanatory comment,răspuns unic cu un comentariu explicativ general,nominal categorical expectation item,one coded response and one global comment field,un răspuns codificat și un singur câmp de comentariu general,1,1,212,200,not recoverable from the available exports,Not reported,Expectation rather than observed employment outcome,The response concerns expectations about employment rather than observed employment effects.,"Răspunsul privește așteptări referitoare la ocuparea forței de muncă, nu efecte observate asupra locurilor de muncă.",verified reconstruction from paired exports
8,4,IV,AI ȘI IMPACTUL ASUPRA LOCURILOR DE MUNCĂ,AI AND THE IMPACT ON EMPLOYMENT,G04Q08,Ce măsuri ia (ar lua) compania dvs. pentru a-și pregăti angajații pentru integrarea AI?,What measures does or would your company take to prepare employees for AI integration?,"Adoptarea cu succes a soluțiilor AI, necesită pregătirea angajaților prin programe de perfecționare și recalificare. Companiile care investesc în formarea continuă a angajaților pot integra AI mult mai eficient.",Successful adoption of AI solutions requires employee preparation through upskilling and reskilling programmes. Companies that invest in continuous employee development may integrate AI more effectively.,Programele proactive de instruire pot ușura tranziția și pot reduce perturbările în forța de muncă.,Proactive training programmes may ease the transition and reduce workforce disruption.,Programele de recalificare necesită investiții semnificative și rezultate se pot vedea doar pe termen lung.,Reskilling programmes require substantial investment and their effects may emerge only over the longer term.,,,Se pot alege mai multe răspunsuri:,Select all that apply.,multiple-response checklist with selected-option comments,listă cu răspunsuri multiple și comentarii asociate opțiunilor selectate,nominal multiple-response checklist,one binary flag and one elaborative comment field per response option,câte un indicator binar și câte un câmp de comentariu explicativ pentru fiecare opțiune de răspuns,6,6,212,204,not recoverable from the available exports,Reported descriptively,Overlapping selections; “no measures” can coexist with positive options,Selections overlap. The response “no specific measures” can coexist with positive measures and therefore requires an explicit sensitivity rule.,"Selecțiile se pot suprapune. Răspunsul „nu se iau măsuri specifice” poate coexista cu măsuri pozitive, ceea ce impune o regulă explicită de analiză de sensibilitate.",verified reconstruction from paired exports
9,5,V,AI ÎN VIITORUL AFACERILOR,AI IN THE FUTURE OF BUSINESS,G05Q09,În ce aplicații AI vedeți cel mai mare potențial pentru valoare adăugată în afaceri?,In which AI applications do you see the greatest potential to add value to business?,"AI are multiple aplicații care pot transforma operațiunile de afaceri. Unele domenii, cum ar fi automatizarea proceselor sau chatboții în serviciile pentru clienți, pot oferi beneficii imediate. Altele, cum ar fi analizele AI, pot crea avantaje competitive pe termen lung.","AI has many applications that may transform business operations. Some areas, including process automation and customer-service chatbots, may offer immediate benefits. Others, including AI-based analytics, may create longer-term competitive advantages.",Aplicațiile AI bine direcționate pot aduce îmbunătățiri operaționale semnificative și economii de costuri.,Well-targeted AI applications may deliver substantial operational improvements and cost savings.,"Investițiile greșit direcționate în AI pot conduce la rezultate sub așteptări (ex. .construirea unor solutii ""in-house"" vs integrarea unor soluții ""la cheie"")","Misallocated AI investment may produce disappointing results, for example when choosing between an in-house solution and integration of an off-the-shelf product.",,,Se pot alege mai multe răspunsuri:,Select all that apply.,multiple-response checklist with selected-option comments,listă cu răspunsuri multiple și comentarii asociate opțiunilor selectate,nominal multiple-response checklist,one binary flag and one elaborative comment field per response option,câte un indicator binar și câte un câmp de comentariu explicativ pentru fiecare opțiune de răspuns,6,6,212,208,not recoverable from the available exports,Not reported,Perceived opportunities,"The item records perceived opportunity areas, not realised value or measured return.","Itemul înregistrează domenii de oportunitate percepute, nu valoare realizată sau rentabilitate măsurată.",verified reconstruction from paired exports
10,5,V,AI ÎN VIITORUL AFACERILOR,AI IN THE FUTURE OF BUSINESS,G05Q10,"Credeți că AI ar putea duce la o creștere economică explozivă, depășind limitele tradiționale (max 12% GDP)?",Do you believe that AI could lead to explosive economic growth beyond traditional limits (maximum 12% GDP)?,"Unii teoreticieni susțin că AI, prin reducerea costurilor marginale și automatizarea forței de muncă, ar putea stimula o creștere economică fără precedent. Totuși, limitările fizice și reglementările ar putea tempera această creștere.",Some theorists argue that AI may generate unprecedented growth by reducing marginal costs and automating labour. Physical constraints and regulation may nevertheless temper that growth.,"Teoretic, AI poate spori productivitatea și output-ul economic.","In theory, AI may increase productivity and economic output.",Constrângerile practice pot limita potențialul de creștere exponențială.,Practical constraints may limit the potential for exponential growth.,,,,Select one response. An optional explanatory comment is available.,single choice with a global explanatory comment,răspuns unic cu un comentariu explicativ general,ordered expectation item with ambiguous benchmark,one coded response and one global comment field,un răspuns codificat și un singur câmp de comentariu general,1,1,212,201,not recoverable from the available exports,Not reported,Speculative macroeconomic expectation,"The expression “maximum 12% GDP” does not specify a time horizon, denominator or geographic unit and should be treated as ambiguous source wording.","Expresia „maximum 12% PIB” nu precizează orizontul temporal, numitorul sau unitatea geografică și trebuie tratată ca formulare-sursă ambiguă.",verified reconstruction from paired exports
11,6,VI,REGLEMENTĂRI ȘI CONSIDERAȚII ETICE DESPRE AI,REGULATION AND ETHICAL CONSIDERATIONS CONCERNING AI,G06Q11,Credeți că AI ar trebui să fie mai bine reglementată pentru a preveni riscurile economice și etice?,Should AI be more strongly regulated to prevent economic and ethical risks?,"Există dezbateri privind nivelul optim de reglementare AI. Reglementările stricte pot fi preponderent etice, pot preveni deciziile părtinitoare și chiar pot proteja locurile de muncă. Dar dacă aceste reglementări devin excesive pot împiedica inovația și competitivitatea.","There is debate about the optimal level of AI regulation. Stricter regulation may prioritise ethical considerations, prevent biased decisions and even protect jobs. If regulation becomes excessive, however, it may impede innovation and competitiveness.",Reglementările stricte pot spori încrederea publică și preveni abuzurile.,Stricter regulation may increase public trust and prevent abuse.,Suprareglementarea poate încetini inovația și reduce avantajul competitiv.,Overregulation may slow innovation and reduce competitive advantage.,,,,Select one response. An optional explanatory comment is available.,single choice with a global explanatory comment,răspuns unic cu un comentariu explicativ general,categorical regulatory-preference item,one coded response and one global comment field,un răspuns codificat și un singur câmp de comentariu general,1,1,212,202,not recoverable from the available exports,Reported descriptively,"Preference, not policy effectiveness","The item records a regulatory preference, not evidence of policy effectiveness.","Itemul înregistrează o preferință de reglementare, nu dovezi privind eficacitatea politicilor publice.",verified reconstruction from paired exports
12,6,VI,REGLEMENTĂRI ȘI CONSIDERAȚII ETICE DESPRE AI,REGULATION AND ETHICAL CONSIDERATIONS CONCERNING AI,G01Q12,Care este cea mai mare îngrijorare legată de etică în privința utilizării AI în afaceri?,What is your greatest ethical concern about the use of AI in business?,"AI poate optimiza operațiunile, dar ridică probleme etice, cum ar fi favorizarea nejustificată a unor grupuri de clienți/furnizori, încălcarea confidențialității și pierderea locurilor de muncă. Identificarea principalelor preocupări etice ajută la orientarea discuțiilor de politică și a strategiilor corporative pentru o utilizare responsabilă și echitabilă a soluțiilor AI.","AI may optimise operations, but it also raises ethical concerns including unjustified favouring of particular customer or supplier groups, infringements of privacy and job losses. Identifying the principal ethical concerns may inform policy discussion and corporate strategies for responsible and equitable use of AI solutions.",Identificarea problemelor etice stimulează dezvoltarea de măsuri de protecție și bune practici.,Identifying ethical concerns encourages the development of safeguards and good practice.,Riscurile etice pot fi complexe și dificil de gestionat în totalitate.,Ethical risks may be complex and difficult to manage comprehensively.,,,,Select one response. An optional explanatory comment is available.,single choice with a global explanatory comment,răspuns unic cu un comentariu explicativ general,nominal categorical item,one coded response and one global comment field,un răspuns codificat și un singur câmp de comentariu general,1,1,212,200,not recoverable from the available exports,Not reported,Single item,This is a single item and is not a validated ethics scale.,Acesta este un singur item și nu constituie o scală validată a preocupărilor etice.,verified reconstruction from paired exports
13,7,VII,AI ÎN CONTEXTUL COMPETITIVITĂȚII GLOBALE,AI IN THE CONTEXT OF GLOBAL COMPETITIVENESS,G01Q13,Cât de competitivă credeți că este România în adoptarea AI comparativ cu alte țări europene?,How competitive do you consider Romania to be in AI adoption compared with other European countries?,"Această întrebare evaluează poziția României în peisajul AI european. România are un sector IT puternic, însă nivelurile de adoptare AI pot varia. Compararea cu țări precum Germania sau Franța poate ajuta la formularea unei strategii naționale și la identificarea domeniilor de îmbunătățire.","This question asks about Romania’s position in the European AI landscape. Romania has a strong IT sector, although levels of AI adoption may vary. Comparison with countries such as Germany or France may help inform a national strategy and identify areas for improvement.",Recunoașterea decalajelor competitive poate stimula decizii de politică și investiții țintite.,Recognition of competitive gaps may encourage policy decisions and targeted investment.,Percepțiile pot fi subiective și pot varia în funcție de informațiile disponibile.,Perceptions may be subjective and may vary with the information available to respondents.,,,,Select one response. An optional explanatory comment is available.,single choice with a global explanatory comment,răspuns unic cu un comentariu explicativ general,ordinal perception item,one coded response and one global comment field,un răspuns codificat și un singur câmp de comentariu general,1,1,212,202,not recoverable from the available exports,Not reported,"Perception, not objective national performance","The item captures perception, not objective national performance.","Itemul surprinde o percepție, nu performanța națională măsurată obiectiv.",verified reconstruction from paired exports
14,7,VII,AI ÎN CONTEXTUL COMPETITIVITĂȚII GLOBALE,AI IN THE CONTEXT OF GLOBAL COMPETITIVENESS,G07Q14,Cum ar trebui să se poziționeze România pe piața globală AI?,How should Romania position itself in the global AI market?,"Țările adoptă strategii diferite în domeniul AI: unele se concentrează pe cercetare și dezvoltare, altele pe reglementări sau altele pe promovarea industriilor bazate pe AI. Această întrebare urmărește să capteze opinia dvs. despre calea strategică optimă pentru ca România să devină competitivă pe plan global.","Countries pursue different AI strategies. Some focus on research and development, others on regulation and others on promoting AI-based industries. This question seeks your view on the most appropriate strategic path for Romania to become globally competitive.",O strategie clară poate atrage investiții și stimula un ecosistem de inovație.,A clear strategy may attract investment and stimulate an innovation ecosystem.,O abordare prea concentrată poate limita diversificarea oportunităților.,An overly narrow approach may restrict the diversity of opportunities.,,,,Select one response. An optional explanatory comment is available.,single choice with a global explanatory comment,răspuns unic cu un comentariu explicativ general,nominal strategic-preference item,one coded response and one global comment field,un răspuns codificat și un singur câmp de comentariu general,1,1,212,202,not recoverable from the available exports,Not reported,Normative preference,The item records a normative strategic preference.,Itemul înregistrează o preferință strategică normativă.,verified reconstruction from paired exports
15,8,VIII,AI: SUBIECTE EMERGENTE ȘI PERSPECTIVE STRATEGICE,AI: EMERGING TOPICS AND STRATEGIC PERSPECTIVES,G08Q15,Cum evaluați impactul tehnologiilor AI adoptate de compania dvs (sau în curs de adoptare) asupra mediului?,How do you assess the environmental impact of AI technologies adopted by your company or currently being adopted?,"Adoptarea AI transformă operațiunile, însă are și consecințe asupra mediului. Consumul de energie, deșeurile electronice și emisiile de carbon asociate centrelor de date și hardware-ului pot fi semnificative. Ne interesează să aflăm cum iau în calcul companiile aspectele de sustenabilitate în strategia lor AI.","AI adoption transforms operations, but it also has environmental consequences. Energy consumption, electronic waste and carbon emissions associated with data centres and hardware may be substantial. The question asks how companies consider sustainability in their AI strategy.",,,Punerea accentului pe sustenabilitate poate conduce la practici AI ecologice și la reducerea riscurilor pe termen lung.,Emphasising sustainability may encourage environmentally responsible AI practices and reduce long-term risks.,"Un accent excesiv pe impactul asupra mediului, poate diminua focusul asupra altor beneficii operaționale imediate.",Excessive emphasis on environmental impact may divert attention from other immediate operational benefits.,,Select one response. An optional explanatory comment is available.,single choice with a global explanatory comment,răspuns unic cu un comentariu explicativ general,ordinal concern item,one coded response and one global comment field,un răspuns codificat și un singur câmp de comentariu general,1,1,212,202,not recoverable from the available exports,Not reported,Perceived rather than measured impact,"The source labels a potentially beneficial sustainability statement as “Challenges”, creating a label-content polarity inconsistency.","Sursa etichetează drept „Provocări” o afirmație cu posibilă semnificație pozitivă pentru sustenabilitate, ceea ce produce o inconsecvență între etichetă și polaritatea conținutului.",verified reconstruction from paired exports
16,8,VIII,AI: SUBIECTE EMERGENTE ȘI PERSPECTIVE STRATEGICE,AI: EMERGING TOPICS AND STRATEGIC PERSPECTIVES,G01Q16,Ce rol credeți că ar trebui să aibă stimulentele și sprijinul guvernamental în accelerarea adoptării AI în domeniul dvs.?,What role should government incentives and support play in accelerating AI adoption in your field?,"Politicile guvernamentale (stimulente fiscale, subvenții, “sandbox-uri reglementare”) pot influența semnificativ viteza și eficiența adoptării AI de către companii. Această întrebare urmărește să clarifice cât de important consideră liderii de afaceri sprijinul public în procesul de integrare a AI.","Government policies, including tax incentives, subsidies and regulatory sandboxes, may substantially influence the speed and effectiveness of business AI adoption. This question asks how important business leaders consider public support to be in the AI integration process.","Aprecierea sprijinului guvernamental poate stimula politici publice favorabile, facilitând inovarea.",Recognition of the value of government support may encourage favourable public policy and facilitate innovation.,Dependența excesivă de sprijinul public poate crea așteptări nerealiste și poate încetini inovația în sectorul privat.,Excessive dependence on public support may create unrealistic expectations and slow private-sector innovation.,,,,Select one response. An optional explanatory comment is available.,single choice with a global explanatory comment,răspuns unic cu un comentariu explicativ general,ordinal importance item,one coded response and one global comment field,un răspuns codificat și un singur câmp de comentariu general,1,1,212,203,not recoverable from the available exports,Reported descriptively,Does not identify specific policy instruments,The item does not identify a specific policy instrument or estimate policy effects.,Itemul nu identifică un instrument de politică publică precis și nu estimează efectele politicilor.,verified reconstruction from paired exports
17,8,VIII,AI: SUBIECTE EMERGENTE ȘI PERSPECTIVE STRATEGICE,AI: EMERGING TOPICS AND STRATEGIC PERSPECTIVES,G01Q17,Cum credeți că se va schimba modelul de afaceri al companiei dvs. pe măsură ce integrarea AI se va accentua în următorii cinci ani?,How do you expect your company’s business model to change as AI integration deepens over the next five years?,"AI are potențialul de a transforma radical modelele de afaceri, trecând de la abordări tradiționale bazate pe produse sau servicii la modele bazate pe date și platforme. Dorim să aflăm ce așteptări aveți privind schimbările în crearea plus-valorii, în fluxurile de venituri și în structura operațională.","AI may radically transform business models by shifting traditional product- or service-based approaches towards data- and platform-based models. The question asks about expected changes in value creation, revenue streams and operational structure.",Planificarea schimbărilor modelului de afaceri poate asigura un avantaj competitiv pe termen lung.,Planning for business-model change may secure a long-term competitive advantage.,"Schimbările radicale pot implica riscuri mari și investiții semnificative, provocând perturbări majore pe termen scurt.",Radical change may involve substantial risk and investment and may cause major short-term disruption.,,,,Select one response. An optional explanatory comment is available.,single choice with a global explanatory comment,răspuns unic cu un comentariu explicativ general,ordinal expected-change item,one coded response and one global comment field,un răspuns codificat și un singur câmp de comentariu general,1,1,212,203,not recoverable from the available exports,Not reported,"Expectation, not observed restructuring",The response is an expectation and does not demonstrate observed organisational restructuring.,Răspunsul exprimă o așteptare și nu demonstrează existența unei restructurări organizaționale observate.,verified reconstruction from paired exports
18,8,VIII,AI: SUBIECTE EMERGENTE ȘI PERSPECTIVE STRATEGICE,AI: EMERGING TOPICS AND STRATEGIC PERSPECTIVES,G08Q18,Care noi aplicații sau inovații AI credeți că vor apărea în domeniul dvs. în următorii cinci ani?,What new AI applications or innovations do you expect to emerge in your field during the next five years?,"Peisajul AI evoluează rapid, iar noi aplicații apar continuu. Dorim să aflăm ce tendințe sau inovații considerați că vor fi cele mai promițătoare sau chiar disruptive pentru domeniul dvs.",The AI landscape is evolving rapidly and new applications continue to appear. This question asks which trends or innovations respondents consider most promising or potentially disruptive in their field.,Identificarea tendințelor emergente poate ajuta la pregătirea pentru schimbările de pe piața globală și la gestionarea provocărilor competitive.,Identifying emerging trends may help organisations prepare for changes in global markets and manage competitive challenges.,"Previziunile sunt, prin natura lor, incerte și pot să nu reflecte evoluțiile reale.",Forecasts are inherently uncertain and may not reflect subsequent developments.,,,Răspuns deschis:,Open response.,open text,răspuns deschis,unstructured open text,the primary response is unstructured text,răspunsul principal este text nestructurat,1,1,209,209,not recoverable from the available exports,Excluded,Free text; disclosure risk and no qualitative protocol,"Open text requires manual disclosure review, language identification, translation where needed and semantic coding before analytical use or release.","Textul deschis necesită verificare manuală a riscului de divulgare, identificarea limbii, traducere atunci când este necesară și codificare semantică înaintea utilizării analitice sau a publicării.",verified reconstruction from paired exports
19,8,VIII,AI: SUBIECTE EMERGENTE ȘI PERSPECTIVE STRATEGICE,AI: EMERGING TOPICS AND STRATEGIC PERSPECTIVES,G01Q19,Cum intenționați să măsurați rentabilitatea investiției (ROI) pentru proiectele dvs. legate de AI?,How do you intend to measure return on investment for your AI-related projects?,"Măsurarea ROI pentru inițiativele AI poate fi dificilă din cauza beneficiilor intangibile, cum ar fi creșterea eficienței, îmbunătățirea luării deciziilor și inovația. Abordarea dvs. privind măsurarea ROI ne va ajuta să înțelegem cum evaluează companiile valoarea AI și impactul asupra performanței afacerii.","Measuring return on investment for AI initiatives may be difficult because some benefits are intangible, including efficiency gains, improved decision-making and innovation. The question asks how companies assess the value of AI and its effect on business performance.",Un cadru clar pentru măsurarea ROI poate susține deciziile strategice și poate justifica investițiile suplimentare în AI.,A clear framework for measuring return on investment may support strategic decisions and justify further AI investment.,Elaborarea unor metrici robuste pentru ROI în AI poate fi dificilă din cauza beneficiilor intangibile și a orizontului pe termen lung.,Developing robust return-on-investment metrics for AI may be difficult because of intangible benefits and long time horizons.,,,Se pot alege mai multe răspunsuri:,"The source wording states that multiple responses may be selected, but the verified export stores one categorical response and one comment.",single choice with a global explanatory comment,răspuns unic cu un comentariu explicativ general,nominal categorical approach item,one coded response and one global comment field,un răspuns codificat și un singur câmp de comentariu general,1,1,212,203,not recoverable from the available exports,Not reported,Export structure does not support a multi-response interpretation,"The wording states that multiple responses may be selected, but the export stores one coded response plus one comment. Processing must therefore remain single-choice unless original platform evidence proves otherwise.","Formularea afirmă că pot fi selectate mai multe răspunsuri, dar exportul stochează un singur răspuns codificat și un singur comentariu. Prelucrarea trebuie să rămână de tip răspuns unic dacă definiția originală a platformei nu demonstrează contrariul.",verified reconstruction from paired exports
20,9,IX,CONSIDERENTE FINALE,FINAL CONSIDERATIONS,G01Q20,Comentarii finale și/sau sugestii,Final comments and/or suggestions,"Vă rugăm să oferiți orice comentarii, sugestii sau observații suplimentare referitoare la impactul AI asupra afacerii dvs. sau a pieței din România. Feedback-ul dvs. este esențial pentru o înțelegere cuprinzătoare a evoluției peisajului AI.","Please provide any additional comments, suggestions or observations concerning the effect of AI on your business or on the Romanian market. This feedback is intended to support a fuller understanding of the changing AI landscape.",,,,,,,Răspuns deschis:,Open response.,open text,răspuns deschis,unstructured open text,the primary response is unstructured text,răspunsul principal este text nestructurat,1,1,189,189,not recoverable from the available exports,Excluded,Free text; disclosure risk and no qualitative protocol,"Open text requires manual disclosure review, language identification, translation where needed and semantic coding before analytical use or release.","Textul deschis necesită verificare manuală a riscului de divulgare, identificarea limbii, traducere atunci când este necesară și codificare semantică înaintea utilizării analitice sau a publicării.",verified reconstruction from paired exports
